category,year,food_share_pct
Meals out & fast foods,1988-89,24.5
Meals out & fast foods,1993-94,26.6
Meals out & fast foods,1998-99,26.4
Meals out & fast foods,2003-04,27.5
Meals out & fast foods,2009-10,30.8
Meals out & fast foods,2015-16,33.9
"Meat, fish & seafood",1988-89,19.5
"Meat, fish & seafood",1993-94,16.1
"Meat, fish & seafood",1998-99,14.7
"Meat, fish & seafood",2003-04,15.6
"Meat, fish & seafood",2009-10,14.6
"Meat, fish & seafood",2015-16,13.7
Fruit & vegetables,1988-89,13.7
Fruit & vegetables,1993-94,12.4
Fruit & vegetables,1998-99,13.0
Fruit & vegetables,2003-04,13.3
Fruit & vegetables,2009-10,12.8
Fruit & vegetables,2015-16,12.7
"Condiments, confectionery etc.",1988-89,9.5
"Condiments, confectionery etc.",1993-94,11.1
"Condiments, confectionery etc.",1998-99,11.9
"Condiments, confectionery etc.",2003-04,11.9
"Condiments, confectionery etc.",2009-10,11.1
"Condiments, confectionery etc.",2015-16,10.8
"Bakery products, flour & cereals",1988-89,11.4
"Bakery products, flour & cereals",1993-94,11.5
"Bakery products, flour & cereals",1998-99,11.9
"Bakery products, flour & cereals",2003-04,10.5
"Bakery products, flour & cereals",2009-10,10.0
"Bakery products, flour & cereals",2015-16,8.4
Non-alcoholic beverages,1988-89,9.8
Non-alcoholic beverages,1993-94,9.3
Non-alcoholic beverages,1998-99,9.9
Non-alcoholic beverages,2003-04,8.2
Non-alcoholic beverages,2009-10,7.8
Non-alcoholic beverages,2015-16,6.3
Dairy products,1988-89,8.0
Dairy products,1993-94,8.1
Dairy products,1998-99,8.3
Dairy products,2003-04,7.4
Dairy products,2009-10,7.4
Dairy products,2015-16,6.4
Other food,1988-89,3.6
Other food,1993-94,4.9
Other food,1998-99,3.8
Other food,2003-04,5.5
Other food,2009-10,5.5
Other food,2015-16,7.8
