category,quarter,index,year_ago_index,annual_change_pct,series_id
Bread and cereal products,2016-09,75.73,76.68,-1.2389149713093461,A2326206X
Bread and cereal products,2016-12,76.02,76.96,-1.2214137214137222,A2326206X
Bread and cereal products,2017-03,75.93,76.24,-0.40661070304300884,A2326206X
Bread and cereal products,2017-06,75.44,75.76,-0.42238648363253084,A2326206X
Bread and cereal products,2017-09,74.78,75.73,-1.254456622210487,A2326206X
Bread and cereal products,2017-12,75.39,76.02,-0.8287292817679481,A2326206X
Bread and cereal products,2018-03,75.04,75.93,-1.1721322270512369,A2326206X
Bread and cereal products,2018-06,74.79,75.44,-0.8616118769883219,A2326206X
Bread and cereal products,2018-09,74.99,74.78,0.2808237496656707,A2326206X
Bread and cereal products,2018-12,75.79,75.39,0.5305743467303392,A2326206X
Bread and cereal products,2019-03,76.5,75.04,1.9456289978677876,A2326206X
Bread and cereal products,2019-06,76.66,74.79,2.50033426928733,A2326206X
Bread and cereal products,2019-09,77.64,74.99,3.533804507267635,A2326206X
Bread and cereal products,2019-12,78.5,75.79,3.575669613405452,A2326206X
Bread and cereal products,2020-03,79.42,76.5,3.8169934640522873,A2326206X
Bread and cereal products,2020-06,80.18,76.66,4.59170362640231,A2326206X
Bread and cereal products,2020-09,78.67,77.64,1.3266357547655927,A2326206X
Bread and cereal products,2020-12,79.27,78.5,0.9808917197452249,A2326206X
Bread and cereal products,2021-03,79.32,79.42,-0.1259128682951527,A2326206X
Bread and cereal products,2021-06,79.24,80.18,-1.1723621850835753,A2326206X
Bread and cereal products,2021-09,79.19,78.67,0.6609889411465675,A2326206X
Bread and cereal products,2021-12,80.21,79.27,1.1858206130944904,A2326206X
Bread and cereal products,2022-03,81.67,79.32,2.9626828038325836,A2326206X
Bread and cereal products,2022-06,84.27,79.24,6.347804139323565,A2326206X
Bread and cereal products,2022-09,87.07,79.19,9.950751357494635,A2326206X
Bread and cereal products,2022-12,90.01,80.21,12.217927939159722,A2326206X
Bread and cereal products,2023-03,91.37,81.67,11.8770662421942,A2326206X
Bread and cereal products,2023-06,93.95,84.27,11.486887385783806,A2326206X
Bread and cereal products,2023-09,95.5,87.07,9.681865165958436,A2326206X
Bread and cereal products,2023-12,97.35,90.01,8.154649483390731,A2326206X
Bread and cereal products,2024-03,97.95,91.37,7.201488453540539,A2326206X
Bread and cereal products,2024-06,97.61,93.95,3.895689196381058,A2326206X
Bread and cereal products,2024-09,98.22,95.5,2.8481675392670214,A2326206X
Bread and cereal products,2024-12,99.85,97.35,2.5680534155110513,A2326206X
Bread and cereal products,2025-03,100.51,97.95,2.613578356304247,A2326206X
Bread and cereal products,2025-06,99.8,97.61,2.2436225796537146,A2326206X
Bread and cereal products,2025-09,100.17,98.22,1.9853390348197886,A2326206X
Bread and cereal products,2025-12,100.94,99.85,1.09163745618428,A2326206X
Bread and cereal products,2026-03,101.36,100.51,0.845686996318773,A2326206X
Bread and cereal products,2026-06,101.32,99.8,1.5230460921843658,A2326206X
Meat and seafoods,2016-09,75.62,73.86,2.382886542106699,A2326251K
Meat and seafoods,2016-12,75.94,74.95,1.3208805870580376,A2326251K
Meat and seafoods,2017-03,75.89,75.84,0.0659282700421926,A2326251K
Meat and seafoods,2017-06,75.74,75.63,0.14544492926087393,A2326251K
Meat and seafoods,2017-09,75.9,75.62,0.3702724147051084,A2326251K
Meat and seafoods,2017-12,76.29,75.94,0.46089017645509767,A2326251K
Meat and seafoods,2018-03,76.46,75.89,0.7510870997496255,A2326251K
Meat and seafoods,2018-06,76.56,75.74,1.0826511750726242,A2326251K
Meat and seafoods,2018-09,76.89,75.9,1.304347826086949,A2326251K
Meat and seafoods,2018-12,78.15,76.29,2.4380652772316047,A2326251K
Meat and seafoods,2019-03,79.61,76.46,4.119801203243534,A2326251K
Meat and seafoods,2019-06,79.82,76.56,4.258098223615447,A2326251K
Meat and seafoods,2019-09,81.19,76.89,5.592404734035639,A2326251K
Meat and seafoods,2019-12,82.46,78.15,5.515035188739592,A2326251K
Meat and seafoods,2020-03,84.14,79.61,5.690239919608087,A2326251K
Meat and seafoods,2020-06,84.69,79.82,6.101227762465555,A2326251K
Meat and seafoods,2020-09,85.52,81.19,5.333169109496239,A2326251K
Meat and seafoods,2020-12,85.61,82.46,3.8200339558573937,A2326251K
Meat and seafoods,2021-03,86.56,84.14,2.8761587829807533,A2326251K
Meat and seafoods,2021-06,87.16,84.69,2.9165190695477516,A2326251K
Meat and seafoods,2021-09,87.64,85.52,2.478952291861569,A2326251K
Meat and seafoods,2021-12,87.73,85.61,2.476346221235848,A2326251K
Meat and seafoods,2022-03,91.94,86.56,6.215341959334553,A2326251K
Meat and seafoods,2022-06,92.64,87.16,6.287287746672798,A2326251K
Meat and seafoods,2022-09,94.02,87.64,7.279780921953449,A2326251K
Meat and seafoods,2022-12,94.92,87.73,8.195600136783309,A2326251K
Meat and seafoods,2023-03,95.76,91.94,4.154883619752026,A2326251K
Meat and seafoods,2023-06,95.88,92.64,3.4974093264248607,A2326251K
Meat and seafoods,2023-09,96.13,94.02,2.2442033609870293,A2326251K
Meat and seafoods,2023-12,94.97,94.92,0.052675937631696534,A2326251K
Meat and seafoods,2024-03,94.24,95.76,-1.5873015873015928,A2326251K
Meat and seafoods,2024-06,95.49,95.88,-0.4067584480600739,A2326251K
Meat and seafoods,2024-09,96.56,96.13,0.4473109331114111,A2326251K
Meat and seafoods,2024-12,97.39,94.97,2.548173107297047,A2326251K
Meat and seafoods,2025-03,98.32,94.24,4.329371816638372,A2326251K
Meat and seafoods,2025-06,98.34,95.49,2.984605717876221,A2326251K
Meat and seafoods,2025-09,99.34,96.56,2.8790389395194627,A2326251K
Meat and seafoods,2025-12,101.36,97.39,4.0763938802751865,A2326251K
Meat and seafoods,2026-03,102.65,98.32,4.4039869812856125,A2326251K
Meat and seafoods,2026-06,103.52,98.34,5.267439495627402,A2326251K
Dairy and related products,2016-09,74.18,75.46,-1.6962629207527002,A2326161F
Dairy and related products,2016-12,73.63,74.58,-1.2737999463663274,A2326161F
Dairy and related products,2017-03,73.38,74.38,-1.3444474321054,A2326161F
Dairy and related products,2017-06,73.2,74.77,-2.0997726360839852,A2326161F
Dairy and related products,2017-09,73.02,74.18,-1.5637638177406488,A2326161F
Dairy and related products,2017-12,73.4,73.63,-0.31237267418170456,A2326161F
Dairy and related products,2018-03,73.48,73.38,0.1362769146906695,A2326161F
Dairy and related products,2018-06,73.94,73.2,1.0109289617486361,A2326161F
Dairy and related products,2018-09,73.63,73.02,0.8353875650506604,A2326161F
Dairy and related products,2018-12,74.27,73.4,1.1852861035422269,A2326161F
Dairy and related products,2019-03,74.44,73.48,1.306477953184526,A2326161F
Dairy and related products,2019-06,75.24,73.94,1.75818230998106,A2326161F
Dairy and related products,2019-09,76.92,73.63,4.468287382860248,A2326161F
Dairy and related products,2019-12,77.9,74.27,4.887572371078508,A2326161F
Dairy and related products,2020-03,78.73,74.44,5.7630306286942545,A2326161F
Dairy and related products,2020-06,79.52,75.24,5.6884635832004316,A2326161F
Dairy and related products,2020-09,79.35,76.92,3.1591263650545987,A2326161F
Dairy and related products,2020-12,79.31,77.9,1.8100128369704649,A2326161F
Dairy and related products,2021-03,79.02,78.73,0.36834751682965905,A2326161F
Dairy and related products,2021-06,79.13,79.52,-0.490442655935619,A2326161F
Dairy and related products,2021-09,79.41,79.35,0.07561436672967048,A2326161F
Dairy and related products,2021-12,80.74,79.31,1.8030513176144236,A2326161F
Dairy and related products,2022-03,82.26,79.02,4.10022779043282,A2326161F
Dairy and related products,2022-06,83.32,79.13,5.295084038923292,A2326161F
Dairy and related products,2022-09,88.96,79.41,12.026193174663135,A2326161F
Dairy and related products,2022-12,92.78,80.74,14.912063413425813,A2326161F
Dairy and related products,2023-03,94.5,82.26,14.879649890590807,A2326161F
Dairy and related products,2023-06,95.98,83.32,15.194431108977447,A2326161F
Dairy and related products,2023-09,98.08,88.96,10.251798561151082,A2326161F
Dairy and related products,2023-12,98.68,92.78,6.359129122655749,A2326161F
Dairy and related products,2024-03,98.34,94.5,4.063492063492058,A2326161F
Dairy and related products,2024-06,98.18,95.98,2.292144196707646,A2326161F
Dairy and related products,2024-09,97.85,98.08,-0.23450244698205447,A2326161F
Dairy and related products,2024-12,97.46,98.68,-1.2363194162951063,A2326161F
Dairy and related products,2025-03,98.12,98.34,-0.22371364653244186,A2326161F
Dairy and related products,2025-06,98.33,98.18,0.15278060704826402,A2326161F
Dairy and related products,2025-09,99.19,97.85,1.3694430250383194,A2326161F
Dairy and related products,2025-12,100.42,97.46,3.0371434434639966,A2326161F
Dairy and related products,2026-03,100.69,98.12,2.619241744802281,A2326161F
Dairy and related products,2026-06,102.85,98.33,4.596765992067531,A2326161F
Fruit and vegetables,2016-09,82.13,75.77,8.393823412960266,A2330886T
Fruit and vegetables,2016-12,83.16,75.63,9.956366521221739,A2330886T
Fruit and vegetables,2017-03,81.58,72.35,12.757429163787148,A2330886T
Fruit and vegetables,2017-06,80.22,73.55,9.068660774983005,A2330886T
Fruit and vegetables,2017-09,75.35,82.13,-8.255205162547185,A2330886T
Fruit and vegetables,2017-12,79.26,83.16,-4.689754689754677,A2330886T
Fruit and vegetables,2018-03,79.78,81.58,-2.206423142927183,A2330886T
Fruit and vegetables,2018-06,77.61,80.22,-3.253552729992515,A2330886T
Fruit and vegetables,2018-09,79.14,75.35,5.029860650298623,A2330886T
Fruit and vegetables,2018-12,80.48,79.26,1.5392379510471788,A2330886T
Fruit and vegetables,2019-03,84.38,79.78,5.765856104286771,A2330886T
Fruit and vegetables,2019-06,82.01,77.61,5.669372503543357,A2330886T
Fruit and vegetables,2019-09,79.68,79.14,0.6823351023502733,A2330886T
Fruit and vegetables,2019-12,82.47,80.48,2.4726640159045576,A2330886T
Fruit and vegetables,2020-03,87.35,84.38,3.519791419767726,A2330886T
Fruit and vegetables,2020-06,86.77,82.01,5.804170223143501,A2330886T
Fruit and vegetables,2020-09,86.78,79.68,8.910642570281112,A2330886T
Fruit and vegetables,2020-12,85.18,82.47,3.2860434097247593,A2330886T
Fruit and vegetables,2021-03,84.69,87.35,-3.045220377790492,A2330886T
Fruit and vegetables,2021-06,89.07,86.77,2.6506857208712598,A2330886T
Fruit and vegetables,2021-09,85.96,86.78,-0.9449181839133569,A2330886T
Fruit and vegetables,2021-12,85.32,85.18,0.16435783047661356,A2330886T
Fruit and vegetables,2022-03,90.33,84.69,6.659582004959264,A2330886T
Fruit and vegetables,2022-06,95.51,89.07,7.230268328281131,A2330886T
Fruit and vegetables,2022-09,99.82,85.96,16.12377850162867,A2330886T
Fruit and vegetables,2022-12,92.59,85.32,8.520862634786708,A2330886T
Fruit and vegetables,2023-03,94.79,90.33,4.937451566478468,A2330886T
Fruit and vegetables,2023-06,97.02,95.51,1.5809862841587252,A2330886T
Fruit and vegetables,2023-09,93.48,99.82,-6.351432578641547,A2330886T
Fruit and vegetables,2023-12,92.38,92.59,-0.22680635057782395,A2330886T
Fruit and vegetables,2024-03,94.67,94.79,-0.12659563245068783,A2330886T
Fruit and vegetables,2024-06,100.63,97.02,3.7208822923108675,A2330886T
Fruit and vegetables,2024-09,101.57,93.48,8.654257595207525,A2330886T
Fruit and vegetables,2024-12,98.2,92.38,6.300064949123185,A2330886T
Fruit and vegetables,2025-03,100.93,94.67,6.6124432238301445,A2330886T
Fruit and vegetables,2025-06,105.22,100.63,4.561264036569623,A2330886T
Fruit and vegetables,2025-09,103.82,101.57,2.215221029831649,A2330886T
Fruit and vegetables,2025-12,100.93,98.2,2.780040733197553,A2330886T
Fruit and vegetables,2026-03,102.67,100.93,1.7239671059149808,A2330886T
Fruit and vegetables,2026-06,106.2,105.22,0.9313818665652951,A2330886T
Food products n.e.c.,2016-09,75.4,76.05,-0.8547008547008406,A3604363J
Food products n.e.c.,2016-12,76.49,76.5,-0.013071895424843216,A3604363J
Food products n.e.c.,2017-03,76.32,77.41,-1.408086810489606,A3604363J
Food products n.e.c.,2017-06,75.68,75.09,0.7857237981089504,A3604363J
Food products n.e.c.,2017-09,75.5,75.4,0.13262599469494596,A3604363J
Food products n.e.c.,2017-12,75.69,76.49,-1.045888351418478,A3604363J
Food products n.e.c.,2018-03,75.8,76.32,-0.6813417190775661,A3604363J
Food products n.e.c.,2018-06,74.8,75.68,-1.1627906976744318,A3604363J
Food products n.e.c.,2018-09,74.9,75.5,-0.7947019867549643,A3604363J
Food products n.e.c.,2018-12,75.32,75.69,-0.488836041749241,A3604363J
Food products n.e.c.,2019-03,75.57,75.8,-0.30343007915567544,A3604363J
Food products n.e.c.,2019-06,74.91,74.8,0.14705882352941124,A3604363J
Food products n.e.c.,2019-09,75.15,74.9,0.33377837116155273,A3604363J
Food products n.e.c.,2019-12,76.08,75.32,1.0090281465746198,A3604363J
Food products n.e.c.,2020-03,77.82,75.57,2.9773719730051607,A3604363J
Food products n.e.c.,2020-06,78.71,74.91,5.072753971432387,A3604363J
Food products n.e.c.,2020-09,77.46,75.15,3.073852295409174,A3604363J
Food products n.e.c.,2020-12,77.78,76.08,2.2344900105152554,A3604363J
Food products n.e.c.,2021-03,78.05,77.82,0.29555384219994707,A3604363J
Food products n.e.c.,2021-06,77.47,78.71,-1.5754033794943445,A3604363J
Food products n.e.c.,2021-09,78.12,77.46,0.8520526723470256,A3604363J
Food products n.e.c.,2021-12,79.09,77.78,1.684237593211635,A3604363J
Food products n.e.c.,2022-03,81.33,78.05,4.202434336963479,A3604363J
Food products n.e.c.,2022-06,82.25,77.47,6.170130373047633,A3604363J
Food products n.e.c.,2022-09,85.47,78.12,9.408602150537625,A3604363J
Food products n.e.c.,2022-12,87.73,79.09,10.924263497281572,A3604363J
Food products n.e.c.,2023-03,90.51,81.33,11.287347842124685,A3604363J
Food products n.e.c.,2023-06,91.48,82.25,11.22188449848025,A3604363J
Food products n.e.c.,2023-09,91.74,85.47,7.335907335907321,A3604363J
Food products n.e.c.,2023-12,93.44,87.73,6.508605950074076,A3604363J
Food products n.e.c.,2024-03,95.22,90.51,5.203844879018882,A3604363J
Food products n.e.c.,2024-06,95.13,91.48,3.989943156974185,A3604363J
Food products n.e.c.,2024-09,95.61,91.74,4.218443427076535,A3604363J
Food products n.e.c.,2024-12,96.6,93.44,3.381849315068486,A3604363J
Food products n.e.c.,2025-03,98.13,95.22,3.0560806553245,A3604363J
Food products n.e.c.,2025-06,98.67,95.13,3.7212235887732703,A3604363J
Food products n.e.c.,2025-09,99.47,95.61,4.037234598891337,A3604363J
Food products n.e.c.,2025-12,99.99,96.6,3.5093167701863326,A3604363J
Food products n.e.c.,2026-03,101.06,98.13,2.9858351166819563,A3604363J
Food products n.e.c.,2026-06,100.33,98.67,1.6823755954190611,A3604363J
Non-alcoholic beverages,2016-09,74.44,76.24,-2.3609653725078616,A3604418F
Non-alcoholic beverages,2016-12,73.04,74.63,-2.130510518558204,A3604418F
Non-alcoholic beverages,2017-03,73.73,75.78,-2.7051992610187314,A3604418F
Non-alcoholic beverages,2017-06,74.5,75.24,-0.9835194045720308,A3604418F
Non-alcoholic beverages,2017-09,74.32,74.44,-0.1612036539494932,A3604418F
Non-alcoholic beverages,2017-12,74.33,73.04,1.7661555312157518,A3604418F
Non-alcoholic beverages,2018-03,76.03,73.73,3.1194900311948937,A3604418F
Non-alcoholic beverages,2018-06,75.49,74.5,1.3288590604026762,A3604418F
Non-alcoholic beverages,2018-09,75.32,74.32,1.3455328310010728,A3604418F
Non-alcoholic beverages,2018-12,75.23,74.33,1.2108166285483835,A3604418F
Non-alcoholic beverages,2019-03,76.38,76.03,0.46034460081545436,A3604418F
Non-alcoholic beverages,2019-06,76.25,75.49,1.0067558617035344,A3604418F
Non-alcoholic beverages,2019-09,76.37,75.32,1.3940520446096727,A3604418F
Non-alcoholic beverages,2019-12,75.04,75.23,-0.2525588196198303,A3604418F
Non-alcoholic beverages,2020-03,76.5,76.38,0.15710919088767206,A3604418F
Non-alcoholic beverages,2020-06,78.01,76.25,2.308196721311484,A3604418F
Non-alcoholic beverages,2020-09,77.97,76.37,2.0950635066125267,A3604418F
Non-alcoholic beverages,2020-12,77.45,75.04,3.211620469083143,A3604418F
Non-alcoholic beverages,2021-03,78.3,76.5,2.35294117647058,A3604418F
Non-alcoholic beverages,2021-06,78.58,78.01,0.7306755544160826,A3604418F
Non-alcoholic beverages,2021-09,79.26,77.97,1.6544824932666513,A3604418F
Non-alcoholic beverages,2021-12,78.97,77.45,1.9625564880568103,A3604418F
Non-alcoholic beverages,2022-03,83.59,78.3,6.756066411238826,A3604418F
Non-alcoholic beverages,2022-06,84.84,78.58,7.966403665054722,A3604418F
Non-alcoholic beverages,2022-09,86.66,79.26,9.336361342417355,A3604418F
Non-alcoholic beverages,2022-12,87.27,78.97,10.510320374825888,A3604418F
Non-alcoholic beverages,2023-03,90.11,83.59,7.799976073693027,A3604418F
Non-alcoholic beverages,2023-06,92.09,84.84,8.545497406883552,A3604418F
Non-alcoholic beverages,2023-09,91.48,86.66,5.5619663051003965,A3604418F
Non-alcoholic beverages,2023-12,91.86,87.27,5.2595393606050145,A3604418F
Non-alcoholic beverages,2024-03,94.95,90.11,5.371212961935412,A3604418F
Non-alcoholic beverages,2024-06,95.96,92.09,4.202410685199243,A3604418F
Non-alcoholic beverages,2024-09,95.72,91.48,4.634892872759067,A3604418F
Non-alcoholic beverages,2024-12,95.31,91.86,3.7557152188112397,A3604418F
Non-alcoholic beverages,2025-03,98.4,94.95,3.6334913112164413,A3604418F
Non-alcoholic beverages,2025-06,100.59,95.96,4.824927052938732,A3604418F
Non-alcoholic beverages,2025-09,100.8,95.72,5.307145842039285,A3604418F
Non-alcoholic beverages,2025-12,99.61,95.31,4.511593746721232,A3604418F
Non-alcoholic beverages,2026-03,100.88,98.4,2.5203252032520274,A3604418F
Non-alcoholic beverages,2026-06,102.46,100.59,1.8590317128939216,A3604418F
Meals out and take away foods,2016-09,74.97,73.83,1.5440877691995203,A2326296R
Meals out and take away foods,2016-12,75.55,74.31,1.6686852375184857,A2326296R
Meals out and take away foods,2017-03,75.82,74.58,1.662644140520242,A2326296R
Meals out and take away foods,2017-06,76.35,74.64,2.290996784565902,A2326296R
Meals out and take away foods,2017-09,76.64,74.97,2.2275576897425653,A2326296R
Meals out and take away foods,2017-12,76.91,75.55,1.8001323626737342,A2326296R
Meals out and take away foods,2018-03,77.28,75.82,1.9256132946452231,A2326296R
Meals out and take away foods,2018-06,77.75,76.35,1.8336607727570398,A2326296R
Meals out and take away foods,2018-09,78.05,76.64,1.8397703549060562,A2326296R
Meals out and take away foods,2018-12,78.51,76.91,2.080353660122225,A2326296R
Meals out and take away foods,2019-03,78.91,77.28,2.109213250517583,A2326296R
Meals out and take away foods,2019-06,78.89,77.75,1.466237942122195,A2326296R
Meals out and take away foods,2019-09,79.37,78.05,1.6912235746316506,A2326296R
Meals out and take away foods,2019-12,80.15,78.51,2.0889058718634557,A2326296R
Meals out and take away foods,2020-03,80.71,78.91,2.2810797110632386,A2326296R
Meals out and take away foods,2020-06,80.98,78.89,2.6492584611484293,A2326296R
Meals out and take away foods,2020-09,80.6,79.37,1.5497039183570482,A2326296R
Meals out and take away foods,2020-12,81.49,80.15,1.6718652526512612,A2326296R
Meals out and take away foods,2021-03,81.92,80.71,1.4991946475034101,A2326296R
Meals out and take away foods,2021-06,81.39,80.98,0.5062978513213023,A2326296R
Meals out and take away foods,2021-09,82.61,80.6,2.4937965260545925,A2326296R
Meals out and take away foods,2021-12,83.46,81.49,2.4174745367529837,A2326296R
Meals out and take away foods,2022-03,84.04,81.92,2.587890625,A2326296R
Meals out and take away foods,2022-06,85.26,81.39,4.754883892370065,A2326296R
Meals out and take away foods,2022-09,87.7,82.61,6.161481660815893,A2326296R
Meals out and take away foods,2022-12,89.54,83.46,7.2849269110951465,A2326296R
Meals out and take away foods,2023-03,90.22,84.04,7.353641123274612,A2326296R
Meals out and take away foods,2023-06,91.8,85.26,7.670654468684024,A2326296R
Meals out and take away foods,2023-09,93.71,87.7,6.8529076396807165,A2326296R
Meals out and take away foods,2023-12,94.57,89.54,5.617601072146505,A2326296R
Meals out and take away foods,2024-03,95.05,90.22,5.353580137441805,A2326296R
Meals out and take away foods,2024-06,95.65,91.8,4.193899782135091,A2326296R
Meals out and take away foods,2024-09,96.42,93.71,2.8919005442322065,A2326296R
Meals out and take away foods,2024-12,97,94.57,2.5695252194142038,A2326296R
Meals out and take away foods,2025-03,97.57,95.05,2.651236191478157,A2326296R
Meals out and take away foods,2025-06,98.25,95.65,2.718243596445369,A2326296R
Meals out and take away foods,2025-09,99.58,96.42,3.2773283551130516,A2326296R
Meals out and take away foods,2025-12,100.43,97,3.5360824742268093,A2326296R
Meals out and take away foods,2026-03,101.36,97.57,3.8843906938608175,A2326296R
Meals out and take away foods,2026-06,102.24,98.25,4.0610687022900605,A2326296R
