hec_code,category_2016,category_2009,weekly_2009,weekly_2016
0300,Food and non-alcoholic beverages nfd,Food and non-alcoholic beverages nfd,7.68,15.25
0301,"Bakery products, flour and cereals","Bakery products, flour and cereals",20.42,19.87
0302,Meat (excluding fish and seafood),Meat (excluding fish and seafood),24.86,27.02
0303,Fish and seafood,Fish and seafood,4.89,5.46
0304,Eggs and egg products,Eggs and egg products,1.4,1.86
0305,Dairy products,Dairy products,15.07,15.12
0306,Edible oils and fats,Edible oils and fats,1.71,1.49
0307,Fruit and nuts,Fruit and nuts,12.46,14.77
0308,Vegetables,Vegetables,13.7,15.32
0309,"Condiments, confectionery, food additives and prepared meals","Condiments, confectionery, food additives and prepared meals",22.71,25.57
0310,Non-alcoholic beverages,Non-alcoholic beverages,16.0,15.0
0311,Meals out and fast foods,Meals out and  fast foods,62.96,80.43
0399,Other food and non-alcoholic beverages,Other food and non-alcoholic beverages,0.33,0.22
